0.034226663410663605,0.00044821217306889594,0.045868195593357086,0.0018678865162655711,0.24741625785827637,0.002461470430716872,0.6677113175392151
0.012270193547010422,1.9543622329365462e-05,0.014541814103722572,0.0023942221887409687,0.10995658487081528,0.000464157055830583,0.8603534698486328
0.014499522745609283,2.299429615959525e-05,0.025668254122138023,0.00340826204046607,0.14497804641723633,0.0008633958641439676,0.8105595707893372
0.01704452373087406,1.8676249965210445e-05,0.022776847705245018,0.0029931128956377506,0.1457114964723587,0.0008602417656220496,0.8105950951576233
0.01444858405739069,1.8614084183354862e-05,0.020614944398403168,0.002416407922282815,0.13970619440078735,0.0010959256906062365,0.8216993808746338
0.037950851023197174,2.199706250394229e-05,0.030666520819067955,0.004349089227616787,0.1907365471124649,0.001918442314490676,0.7343565821647644
0.0276582483202219,0.00012152174167567864,0.027960771694779396,0.0013496725587174296,0.4152965247631073,0.0009398831753060222,0.526673436164856
0.02875799499452114,0.0001918019843287766,0.027246737852692604,0.004114928189665079,0.39098256826400757,0.0003250727313570678,0.5483809113502502
0.023946378380060196,0.00020986722665838897,0.030792081728577614,0.00486660934984684,0.22361981868743896,0.002905692672356963,0.7136595249176025
0.032232437282800674,8.566039468860254e-06,0.021600978448987007,0.0037482890766113997,0.2758438289165497,0.0002001709508476779,0.6663656830787659
0.08866364508867264,0.02862948551774025,0.03708217293024063,0.0058528222143650055,0.27340659499168396,0.009538045153021812,0.5568273067474365
0.05520716309547424,0.0009725590352900326,0.04938584193587303,0.014564188197255135,0.206272155046463,0.007515106350183487,0.6660829186439514
0.04163643345236778,0.0001554090267745778,0.04820116609334946,0.004219557624310255,0.40796762704849243,0.0026544914580881596,0.4951653480529785
0.03795319423079491,0.00016253642388619483,0.04791376367211342,0.0038348943926393986,0.3772861957550049,0.001386037329211831,0.5314633250236511
0.052984148263931274,0.00025608137366361916,0.032147154211997986,0.0013195718638598919,0.3300381302833557,0.0012822471326217055,0.5819726586341858
0.037432827055454254,0.0006402305443771183,0.03163508325815201,0.001586356433108449,0.406101256608963,0.00044556002831086516,0.522158682346344
0.03816688060760498,0.0003640529466792941,0.032455891370773315,0.002701427321881056,0.39838534593582153,0.0007760802400298417,0.5271503329277039
0.06753436475992203,0.0022287475876510143,0.03184627369046211,0.0013803126057609916,0.43955257534980774,0.0004719196876976639,0.45698586106300354
0.12401264905929565,0.021278904750943184,0.04199431836605072,0.002620859770104289,0.37658777832984924,0.000514102925080806,0.4329913854598999
0.053157955408096313,0.002309522358700633,0.06490661203861237,0.0009815581142902374,0.5898966789245605,0.0005285968654789031,0.28821906447410583
0.055378805845975876,0.0011705334763973951,0.1213240996003151,0.003977629821747541,0.4490060806274414,0.004521903116255999,0.3646208941936493
0.04186389595270157,0.0004594561760313809,0.08814666420221329,0.00421131681650877,0.38277900218963623,0.0014248323859646916,0.48111492395401
0.05369256064295769,0.0010353875113651156,0.06298543512821198,0.002919205231592059,0.34401586651802063,0.0010870648548007011,0.5342644453048706
0.05118512734770775,0.0005853793118149042,0.08909115940332413,0.001246436731889844,0.4568481743335724,0.0023056420031934977,0.3987380564212799
0.08773598819971085,0.0037590840365737677,0.09257857501506805,0.009823150001466274,0.2911999821662903,0.021954769268631935,0.492948442697525
0.06409169733524323,0.0021506142802536488,0.1160525381565094,0.004100944846868515,0.38796618580818176,0.004578149411827326,0.42105981707572937
0.07460079342126846,0.00016093695012386888,0.03327668085694313,0.0007992461905814707,0.3725440800189972,0.00035460281651467085,0.5182636380195618
0.05280961096286774,0.0005090428167022765,0.0536806583404541,0.0019719626288861036,0.3154936134815216,0.003721565240994096,0.5718134641647339
0.05283304676413536,0.002381307305768132,0.07270748913288116,0.007958178408443928,0.24771282076835632,0.006762858480215073,0.6096442937850952
0.045701202005147934,0.0006753235938958824,0.061661247164011,0.003983058966696262,0.4421599805355072,0.0009506706264801323,0.4448685646057129
0.09491068869829178,0.0014956658706068993,0.03982609137892723,0.0016448638634756207,0.28807103633880615,0.000769871287047863,0.5732817649841309
0.04040846601128578,0.0004082692612428218,0.019963139668107033,0.0038651926442980766,0.10765581578016281,0.000868272443767637,0.8268309235572815
0.060659848153591156,0.006596124265342951,0.043797895312309265,0.016370555385947227,0.20361056923866272,0.002390156500041485,0.6665748357772827
0.04064749926328659,8.294848521472886e-05,0.028549600392580032,0.0068794135004282,0.11658652126789093,0.001309069455601275,0.8059449791908264
0.044636454433202744,8.162593439919874e-05,0.03142999857664108,0.004694758448749781,0.14578139781951904,0.0010063413064926863,0.7723694443702698
0.0187048502266407,0.00015933492977637798,0.03134335204958916,0.004513051826506853,0.19231313467025757,0.0016379395965486765,0.7513283491134644
0.030835475772619247,0.0017825145041570067,0.14723742008209229,0.004856303799897432,0.30274656414985657,0.04462259262800217,0.46791917085647583
0.035608649253845215,0.0008623222238384187,0.10883386433124542,0.015917068347334862,0.1583409607410431,0.14123891294002533,0.5391982197761536
0.037462037056684494,0.0033710054121911526,0.17209608852863312,0.0051201689057052135,0.12856990098953247,0.47757142782211304,0.17580942809581757
0.031545206904411316,0.00016595283523201942,0.07000736147165298,0.005247705616056919,0.25462913513183594,0.0027914606034755707,0.635613203048706
0.028915757313370705,0.0002512372739147395,0.0615181028842926,0.0030884665902704,0.25055545568466187,0.005055235233157873,0.6506157517433167
0.021265123039484024,0.00024684041272848845,0.0646451860666275,0.0041507696732878685,0.1838054209947586,0.009685913100838661,0.7162007689476013
0.0367458239197731,0.0005283898790366948,0.060499370098114014,0.00417567091062665,0.2558386027812958,0.004251169506460428,0.6379610300064087
0.0314825177192688,0.0005033505731262267,0.0723884254693985,0.0023825797252357006,0.41323190927505493,0.006405814550817013,0.47360536456108093
0.031520724296569824,9.152950224233791e-05,0.018750149756669998,0.0071512749418616295,0.20161111652851105,0.000131445107399486,0.7407438158988953
0.030209295451641083,0.00014014984481036663,0.03076600655913353,0.004490761086344719,0.12277181446552277,0.0025348651688545942,0.8090870976448059
0.02214387245476246,0.0005144784227013588,0.060260429978370667,0.004721083678305149,0.15670759975910187,0.010579552501440048,0.7450729608535767
0.024754723533988,0.0004753951507154852,0.07670481503009796,0.003918807953596115,0.1749463826417923,0.014778747223317623,0.7044211626052856
0.015499034896492958,0.00015104586782399565,0.031611572951078415,0.005750440526753664,0.08605940639972687,0.004253356717526913,0.8566750884056091
0.012389669194817543,5.5710726883262396e-05,0.021041758358478546,0.0331476591527462,0.048188116401433945,0.0015856431564316154,0.8835914731025696
0.051620274782180786,0.0010610739700496197,0.1907341331243515,0.01770273968577385,0.13874006271362305,0.3197578489780426,0.2803838551044464
0.015452626161277294,9.888133354252204e-05,0.042303185909986496,0.005779753439128399,0.10840170085430145,0.0065747518092393875,0.8213891386985779
0.01634431816637516,3.5257784475106746e-05,0.028127992525696754,0.006374395452439785,0.12226545810699463,0.0010062421206384897,0.8258463740348816
0.04748431593179703,0.0001508236164227128,0.02848939038813114,0.0020853118039667606,0.2568802535533905,0.0005382628296501935,0.6643715500831604
0.019817641004920006,0.00045954532106406987,0.018483197316527367,0.004617898724973202,0.11245040595531464,0.0020353933796286583,0.8421359658241272
0.028313234448432922,5.9811693063238636e-05,0.0173336248844862,0.0010256951209157705,0.22627109289169312,0.0002205602650064975,0.7267759442329407
0.018060943111777306,0.0003306859580334276,0.023240474984049797,0.005423896014690399,0.11106141656637192,0.01587212085723877,0.8260104656219482
0.022412525489926338,0.0003026791091542691,0.03941824287176132,0.004452934022992849,0.1429697424173355,0.0909891128540039,0.6994547843933105
0.021284405142068863,0.00033240203629247844,0.0805162712931633,0.005177208222448826,0.226357564330101,0.20437413454055786,0.46195802092552185
0.023314854130148888,5.711346966563724e-05,0.047705307602882385,0.0049676112830638885,0.1451636701822281,0.010962028056383133,0.7678293585777283
0.040081195533275604,0.00013863196363672614,0.027714969590306282,0.002290466334670782,0.1609879732131958,0.004684269428253174,0.7641025185585022
0.03368256986141205,5.08924676978495e-05,0.033688176423311234,0.0028669009916484356,0.2556382417678833,0.000563683221116662,0.6735094785690308
0.02402382902801037,0.0001060703580151312,0.03490011394023895,0.0041509103029966354,0.2017320841550827,0.003852756693959236,0.7312342524528503
0.027121862396597862,0.00023576557578053325,0.03570716455578804,0.004075776319950819,0.127620667219162,0.00557744549587369,0.7996613383293152
0.0190091785043478,5.8775862271431834e-05,0.01912248320877552,0.0018242363585159183,0.15666836500167847,0.0014852832537144423,0.8018316626548767
0.01962854713201523,0.00014231886598281562,0.01989608258008957,0.0030552640091627836,0.15257546305656433,0.0017890665913000703,0.802913248538971
0.017320122569799423,8.425543637713417e-05,0.03881844878196716,0.0027438364923000336,0.2078814059495926,0.010112818330526352,0.7230390906333923
0.024675089865922928,0.000202719442313537,0.09354859590530396,0.0040211305022239685,0.290117472410202,0.028453053906559944,0.5589819550514221
0.022076791152358055,7.691592327319086e-05,0.03869803249835968,0.007006749045103788,0.18872284889221191,0.007409804034978151,0.736008882522583
0.02777349017560482,2.0084329662495293e-05,0.02306702733039856,0.003997378516942263,0.17127563059329987,0.0008055109647102654,0.7730608582496643
0.06641242653131485,0.0006233513704501092,0.0668378472328186,0.005881750024855137,0.318259596824646,0.015266519971191883,0.5267185568809509
0.04590318724513054,0.00010416923760203645,0.03930868208408356,0.0021989266388118267,0.36696696281433105,0.000754257314838469,0.5447638630867004
0.0468333400785923,6.248543650144711e-05,0.0362740084528923,0.002245506038889289,0.40863165259361267,0.0004118728975299746,0.5055411458015442
0.08771051466464996,0.0002518010442145169,0.04453995078802109,0.001549790846183896,0.38025858998298645,0.0006716936477459967,0.4850175678730011
0.07430915534496307,0.00026917277136817575,0.02980964630842209,0.001733702141791582,0.4319605529308319,0.00020625679462682456,0.46171143651008606
0.06523646414279938,0.00011432551400503144,0.04458140209317207,0.0037095220759510994,0.350748211145401,0.0005649442900903523,0.5350450873374939
0.05726545304059982,0.0001411015255143866,0.044990938156843185,0.001554811024107039,0.5239052176475525,0.000689581735059619,0.3714529871940613
0.0899575799703598,0.005829730536788702,0.04546613618731499,0.0026222693268209696,0.4359160363674164,0.004464249592274427,0.41574397683143616
0.04991502687335014,0.0006925211637280881,0.07997751981019974,0.021975506097078323,0.19987323880195618,0.07801700383424759,0.5695492029190063
0.048488643020391464,0.0006089228554628789,0.03832324966788292,0.008570642210543156,0.176091730594635,0.00210456270724535,0.7258121967315674
0.07572033256292343,0.0015468505444005132,0.06076642870903015,0.008907879702746868,0.26242607831954956,0.032449960708618164,0.5581824779510498
0.05298740789294243,0.0009008659399114549,0.05372770503163338,0.00261813891120255,0.2680695056915283,0.027530983090400696,0.5941654443740845
0.028287498280405998,0.0005063456483185291,0.047241371124982834,0.001811016583815217,0.41506147384643555,0.01593409664928913,0.49115827679634094
0.04323473572731018,0.001656835782341659,0.0401444248855114,0.0012021949514746666,0.244678795337677,0.009124359115958214,0.6599586606025696
0.027902789413928986,0.00012119175517000258,0.04295634105801582,0.0028900890611112118,0.28457948565483093,0.0027571991086006165,0.6387929320335388
0.037908319383859634,0.00025647267466410995,0.05765964835882187,0.004445918835699558,0.2784944772720337,0.02589362859725952,0.5953415036201477
0.023056797683238983,5.392550156102516e-05,0.017374437302350998,0.002108304062858224,0.12038416415452957,0.0015098575968295336,0.8355125784873962
0.02848409116268158,0.0001800880127120763,0.07860426604747772,0.0035836659371852875,0.28974565863609314,0.03126411885023117,0.5681380033493042
0.07535137236118317,0.0004714950919151306,0.04958479106426239,0.002254916587844491,0.39710983633995056,0.0007261380087584257,0.4745014011859894
0.06858931481838226,0.002142861718311906,0.056531697511672974,0.0023275234270840883,0.4671276807785034,0.0013828225200995803,0.4018981158733368
0.06433664262294769,0.0017218436114490032,0.07376083731651306,0.010946687310934067,0.28422456979751587,0.0015100883319973946,0.5634993314743042
0.1101071685552597,0.09281995892524719,0.0874902531504631,0.010103866457939148,0.2600291967391968,0.006705394480377436,0.43274420499801636
0.10794041305780411,0.04130794107913971,0.059961315244436264,0.004765008110553026,0.26242950558662415,0.003979946952313185,0.519615888595581
0.0431848019361496,0.00016101464279927313,0.021757494658231735,0.0034211906604468822,0.12112731486558914,0.0012413186486810446,0.8091068863868713
0.06257960945367813,0.0018274467438459396,0.039430420845746994,0.0059153544716537,0.20823128521442413,0.01976039633154869,0.6622555255889893
0.07870018482208252,0.004648875445127487,0.0486910380423069,0.006381557788699865,0.3048389256000519,0.007289065979421139,0.5494503974914551
0.09282618016004562,0.008260421454906464,0.046351198107004166,0.003892363514751196,0.3191092312335968,0.008905882015824318,0.5206546783447266
0.058911826461553574,0.009849758818745613,0.08758813142776489,0.007379534654319286,0.26413944363594055,0.018952764570713043,0.553178608417511
0.10677924007177353,0.04038016498088837,0.10316693782806396,0.003859585849568248,0.3330000936985016,0.028777822852134705,0.3840361535549164
0.05978267639875412,0.0025715394876897335,0.08573365956544876,0.004153321031481028,0.39406636357307434,0.017753830179572105,0.4359385669231415
0.024596737697720528,3.145802838844247e-05,0.030588364228606224,0.003378256456926465,0.15856295824050903,0.0004918742924928665,0.7823503613471985
0.0359003022313118,6.30820359219797e-05,0.0226297527551651,0.001164048328064382,0.19221419095993042,0.0003467788628768176,0.7476817965507507
0.03145281597971916,5.8023106248583645e-05,0.014964785426855087,0.003360388334840536,0.16200903058052063,0.000429306150181219,0.787725567817688
0.030111361294984818,0.0007826382643543184,0.010491936467587948,0.0013121069641783834,0.14878049492835999,0.00016847490041982383,0.8083530068397522
0.018046878278255463,0.0003705382696352899,0.022810937836766243,0.005546136759221554,0.16218844056129456,0.0015179554466158152,0.789519190788269
0.010623063892126083,7.7320852142293e-05,0.009496547281742096,0.003809055546298623,0.053142987191677094,0.003326851176097989,0.9195241332054138
0.018247606232762337,0.00010826039942912757,0.035645611584186554,0.001967846415936947,0.1551826298236847,0.00607041222974658,0.7827776670455933
0.01590891368687153,8.799794886726886e-05,0.020472580567002296,0.0017144987359642982,0.1938694566488266,0.0010402780026197433,0.7669062614440918
0.0537395104765892,0.0007737884297966957,0.018938012421131134,0.0036078346893191338,0.22912928462028503,0.0004166404251009226,0.6933949589729309
0.10520469397306442,0.000880155770573765,0.029400315135717392,0.004350912757217884,0.17189179360866547,0.0005302682984620333,0.6877418160438538
0.04733438789844513,0.0015603157225996256,0.04854224994778633,0.004029935225844383,0.12458095699548721,0.007536765653640032,0.7664153575897217
0.05086822807788849,0.00034666070132516325,0.04950286075472832,0.001607044250704348,0.3369145691394806,0.000496041786391288,0.5602645874023438
0.05707567557692528,0.002098299330100417,0.062561996281147,0.005606773309409618,0.1951882690191269,0.018174661323428154,0.6592943668365479
0.09457521885633469,0.017489446327090263,0.12084708362817764,0.006467816885560751,0.14475882053375244,0.16721074283123016,0.44865095615386963
0.05164652317762375,0.0037681469693779945,0.08753301203250885,0.011228375136852264,0.1027124673128128,0.12351522594690323,0.6195962429046631
0.03896064683794975,0.0009545340435579419,0.13796289265155792,0.008906498551368713,0.10487326234579086,0.48859167098999023,0.2197505086660385
0.053278617560863495,0.0011387423146516085,0.07593447715044022,0.009271516464650631,0.10967715829610825,0.21461589634418488,0.5360835194587708
0.020264849066734314,0.0004171757318545133,0.02132967859506607,0.0047496166080236435,0.05885078012943268,0.003949418663978577,0.8904384970664978
0.025175420567393303,8.67365743033588e-05,0.017918476834893227,0.0036949964705854654,0.048028841614723206,0.001138649764470756,0.9039568901062012
0.0416768342256546,0.0005469204625114799,0.06628737598657608,0.007856326177716255,0.15069279074668884,0.018604615703225136,0.7143351435661316
0.03539561480283737,0.00018867022299673408,0.03197051212191582,0.005195220001041889,0.10764690488576889,0.0018505853367969394,0.817752480506897
0.051635537296533585,0.00037736655212938786,0.04413101449608803,0.0016050096601247787,0.2706919014453888,0.007588578853756189,0.6239706873893738
0.05225963518023491,0.00067045574542135,0.061672989279031754,0.0015548068331554532,0.30721551179885864,0.015308251604437828,0.5613183975219727
0.04145870357751846,0.0008491977350786328,0.051219481974840164,0.0015666787512600422,0.2039109170436859,0.005172934848815203,0.6958220601081848
0.0456450916826725,0.0012394186342135072,0.049678243696689606,0.0016121220542117953,0.39718353748321533,0.0029141788836568594,0.5017274618148804
0.036928657442331314,0.0006263143732212484,0.048165783286094666,0.002619076520204544,0.29472440481185913,0.0032277421560138464,0.6137080192565918
0.046083126217126846,0.0009096842259168625,0.13982677459716797,0.004213604144752026,0.2168726921081543,0.044638779014348984,0.5474553108215332
0.05798638239502907,0.0006216075853444636,0.04785395413637161,0.006447919644415379,0.10458914190530777,0.002330885035917163,0.7801700830459595
0.05893368646502495,7.131903839763254e-05,0.036911580711603165,0.0016925829695537686,0.23450759053230286,0.0007883678772486746,0.6670948266983032
0.051520589739084244,0.0001800405589165166,0.04445634409785271,0.0013594237389042974,0.27680695056915283,0.007801546715199947,0.6178751587867737
0.06380999833345413,6.171924178488553e-05,0.036206141114234924,0.0012149583781138062,0.3240937292575836,0.0006736762588843703,0.5739397406578064
0.0693848505616188,7.534567703260109e-05,0.022196708247065544,0.0012801365228369832,0.23609904944896698,0.00034599698847159743,0.670617938041687
0.07364064455032349,0.00010085543181048706,0.05476635694503784,0.0006933123804628849,0.41550740599632263,0.0015934122493490577,0.4536980390548706
0.06540554761886597,4.650346454582177e-05,0.039862822741270065,0.0006617690087296069,0.3037519156932831,0.000718070543371141,0.5895533561706543
0.0673937052488327,0.00014159546117298305,0.04289574176073074,0.0011064889840781689,0.25771191716194153,0.002166175050660968,0.6285844445228577
0.07011478394269943,0.008560605347156525,0.06387563049793243,0.0030338899232447147,0.3231242299079895,0.0186317041516304,0.5126590728759766
0.09181006252765656,0.01326142530888319,0.07641536742448807,0.005605844780802727,0.3322528004646301,0.025930115953087807,0.45472437143325806
0.07347764819860458,0.009834244847297668,0.0610845722258091,0.004420837853103876,0.303037166595459,0.07037314772605896,0.4777723252773285
0.06800923496484756,0.011116334237158298,0.0696810632944107,0.0019722578581422567,0.4954347014427185,0.005345736630260944,0.34844067692756653
0.028613761067390442,0.001740892417728901,0.03994320333003998,0.00406576506793499,0.21273745596408844,0.09009960293769836,0.6227993369102478
0.06451600044965744,0.0031958979088813066,0.03826044499874115,0.0025562709197402,0.22219331562519073,0.004278762731701136,0.66499924659729
0.04257049039006233,8.775115566095337e-05,0.017402328550815582,0.0015430828789249063,0.16477930545806885,0.000368442852050066,0.7732486128807068
0.07389123737812042,0.02598482370376587,0.016033172607421875,0.0018901515286415815,0.21374452114105225,0.0011081969132646918,0.6673478484153748
0.04391035437583923,0.0020147606264799833,0.013861456885933876,0.0016832115361467004,0.19788643717765808,0.0011544831795617938,0.7394892573356628
0.021986810490489006,0.0005767379770986736,0.015666374936699867,0.0019319906132295728,0.23064514994621277,0.0011626763734966516,0.728030264377594
0.027203183621168137,0.00029324053321033716,0.01902145706117153,0.003307565813884139,0.19653838872909546,0.0008814117172732949,0.7527547478675842
0.01919788122177124,0.0001595718349562958,0.016523191705346107,0.0012578287860378623,0.26625856757164,0.0006131007103249431,0.6959898471832275
0.024768346920609474,0.00013436477456707507,0.03809989243745804,0.0034108124673366547,0.40373751521110535,0.0012306856224313378,0.5286184549331665
0.023105479776859283,0.0008365142275579274,0.06818754971027374,0.0025592916645109653,0.4834468960762024,0.09375158697366714,0.3281126618385315
0.055677320808172226,0.00563629949465394,0.060599371790885925,0.0014171878574416041,0.45885589718818665,0.00371009623631835,0.41410383582115173
0.07311074435710907,0.008923690766096115,0.10017546266317368,0.002412172732874751,0.4172760844230652,0.01555423904210329,0.38254761695861816
0.027757322415709496,0.00046969015966169536,0.10309480875730515,0.001713253790512681,0.5416510105133057,0.017191611230373383,0.3081222474575043
0.03298887982964516,0.0008385581313632429,0.05061032995581627,0.0019241778645664454,0.6004171967506409,0.00029742083279415965,0.31292352080345154
0.09082244336605072,0.003380618756636977,0.028511060401797295,0.0008467540610581636,0.37559860944747925,0.0002946138847619295,0.5005459189414978
0.06586646288633347,0.0024754018522799015,0.023181075230240822,0.001728526782244444,0.2251329869031906,0.0015933376271277666,0.6800221800804138
0.047722507268190384,0.0010717549594119191,0.1806558519601822,0.002377631375566125,0.3728099763393402,0.10551777482032776,0.2898445129394531
0.09793385118246078,0.11747497320175171,0.1228843405842781,0.005469094030559063,0.27522820234298706,0.0785970687866211,0.30241239070892334
0.036661986261606216,0.0008992844959720969,0.0276414155960083,0.005109122954308987,0.14512014389038086,0.0014952276833355427,0.783072829246521
0.056402627378702164,0.00040128568070940673,0.06420661509037018,0.005543628707528114,0.28044331073760986,0.0020716122817248106,0.5909308791160583
0.03165537863969803,0.00020930411119479686,0.02563498355448246,0.0018900495488196611,0.10933322459459305,0.0005833224859088659,0.8306937217712402
0.08152201771736145,0.027585308998823166,0.14121389389038086,0.0021842774003744125,0.3214022219181061,0.1510503888130188,0.2750419080257416
0.041702430695295334,4.429270120454021e-05,0.019440151751041412,0.0008106602472253144,0.1345260739326477,0.0003185449750162661,0.8031578660011292
0.0474536307156086,0.000616306671872735,0.03520839288830757,0.0012139450991526246,0.2591423988342285,0.0037476911675184965,0.6526176929473877
0.037650253623723984,0.00029631477082148194,0.015731455758213997,0.001844148151576519,0.11627402156591415,0.0006881834706291556,0.8275156617164612
0.042475324124097824,0.001884886296465993,0.0365554504096508,0.0013343672035261989,0.20470218360424042,0.0019208494341000915,0.7111269235610962
0.03805238753557205,0.00150817702524364,0.026703858748078346,0.0016134652541950345,0.13497324287891388,0.012054743245244026,0.7850940823554993
0.06281667202711105,0.011389130726456642,0.06072176247835159,0.0010503081139177084,0.48657411336898804,0.005889518186450005,0.37155842781066895
0.06731919944286346,0.0005918834358453751,0.024482766166329384,0.0016475023003295064,0.2891837954521179,9.693686297396198e-05,0.6166779398918152
0.0431632399559021,0.0005099964910186827,0.03708694130182266,0.001411936362273991,0.26598867774009705,0.0014094096841290593,0.6504297852516174
0.041233547031879425,0.0004641880514100194,0.06176997721195221,0.0037380103021860123,0.22215411067008972,0.011748556047677994,0.6588916778564453
0.07043410837650299,0.00030862781568430364,0.05005818232893944,0.001509328605607152,0.27132299542427063,0.001199286081828177,0.6051673889160156
0.059742312878370285,0.0001458006736356765,0.02273431606590748,0.004815866705030203,0.3625517189502716,0.00023985569714568555,0.5497700572013855
0.15964846312999725,0.0015920849982649088,0.05552980303764343,0.0009665854158811271,0.5393248200416565,0.0002576065598987043,0.24268054962158203
0.12556685507297516,0.0999266505241394,0.01935669034719467,0.002440115436911583,0.40540438890457153,0.000533313665073365,0.34677207469940186
0.046807095408439636,0.00010639212268870324,0.03567775711417198,0.0007947004633024335,0.19390557706356049,0.000621628190856427,0.7220868468284607
0.05056474357843399,0.00024841350386850536,0.03920811042189598,0.0014143751468509436,0.20179493725299835,0.0017729134997352958,0.7049964666366577
0.035313621163368225,0.001198579091578722,0.03235312178730965,0.0021536219865083694,0.11314747482538223,0.0041774120181798935,0.8116561770439148
0.05719631537795067,0.002388338791206479,0.041073888540267944,0.0019795738626271486,0.3642755448818207,0.0005653216503560543,0.5325210690498352
0.08548714965581894,0.026644762605428696,0.18270394206047058,0.021845541894435883,0.10244759917259216,0.10291993618011475,0.4779510200023651
0.03950157389044762,0.0002647077199071646,0.04093990474939346,0.0032764659263193607,0.35431936383247375,0.0006275109481066465,0.5610705018043518
0.04107934981584549,0.0007427342352457345,0.04673890024423599,0.0010987605201080441,0.5437788963317871,0.0006470855441875756,0.36591434478759766
0.055956028401851654,0.0001276588736800477,0.018526749685406685,0.0015290675219148397,0.2634511888027191,0.00011095161607954651,0.6602983474731445
0.11371065676212311,0.0338146910071373,0.04720725864171982,0.003713281825184822,0.19743198156356812,0.0050313533283770084,0.5990907549858093
0.07589820772409439,0.013065681792795658,0.056641172617673874,0.0035688201896846294,0.23947332799434662,0.0037647925782948732,0.6075879335403442
0.02314864471554756,0.00024303399550262839,0.04953432083129883,0.001380275934934616,0.5631316304206848,0.00252363970503211,0.3600384294986725
0.1477939635515213,0.12444659322500229,0.09281672537326813,0.002709533553570509,0.2548220455646515,0.040993086993694305,0.3364180326461792
0.06157063692808151,0.0027917088009417057,0.03621570020914078,0.0022850949317216873,0.19343872368335724,0.005597474053502083,0.6981006860733032
0.05258851498365402,0.00128175038844347,0.048399172723293304,0.0019305446185171604,0.2179873138666153,0.0140033895149827,0.6638092994689941
0.03093738481402397,0.00017042530816979706,0.03920922800898552,0.0022312402725219727,0.2299494445323944,0.01127119641751051,0.6862310767173767
0.03546237200498581,0.0005323328077793121,0.05282856151461601,0.0017032974865287542,0.30043917894363403,0.017362089827656746,0.5916721820831299
0.030802898108959198,5.66004600841552e-05,0.05341530218720436,0.000629018759354949,0.4157775640487671,0.002345314947888255,0.4969733655452728
0.031147660687565804,0.00024093917454592884,0.04460522532463074,0.0015143214259296656,0.25235670804977417,0.005377857014536858,0.664757251739502
0.024407457560300827,7.921113137854263e-05,0.041179683059453964,0.0023519168607890606,0.32615670561790466,0.0027677437756210566,0.603057324886322
0.020601242780685425,8.398943464271724e-05,0.03708706423640251,0.0025248571764677763,0.28446516394615173,0.011471480131149292,0.6437661647796631
0.021901043131947517,0.0001327859645243734,0.028286894783377647,0.007083900272846222,0.1550857275724411,0.006288944743573666,0.7812206745147705
0.017960073426365852,0.00014017350622452796,0.03272715583443642,0.005011803936213255,0.16228248178958893,0.004529897123575211,0.7773483395576477
0.035023655742406845,0.0006312676705420017,0.058153796941041946,0.0017710257088765502,0.4658344089984894,0.005143917631357908,0.43344199657440186
0.025551170110702515,0.00011939918476855382,0.014915373176336288,0.0011852940078824759,0.10557503998279572,0.0006211950676515698,0.8520325422286987
0.054969701915979385,0.0001651146012591198,0.04964766651391983,0.0010594746563583612,0.33945685625076294,0.0022932474967092276,0.5524079203605652
0.07214748114347458,0.0007482565124519169,0.04678090289235115,0.0014530433109030128,0.2301221787929535,0.005509805399924517,0.6432382464408875
0.09588064253330231,0.00042354105971753597,0.03318723663687706,0.0008931501652114093,0.39411863684654236,0.00026871709269471467,0.47522807121276855
0.08337205648422241,0.004255110397934914,0.06115001067519188,0.0022326288744807243,0.30727607011795044,0.003304824000224471,0.5384093523025513
0.03799588605761528,0.00046169263077899814,0.09336787462234497,0.0020853495225310326,0.28006866574287415,0.007433571852743626,0.5785869359970093
0.060183171182870865,0.010693290270864964,0.1025938019156456,0.0014718521852046251,0.5311926603317261,0.017102010548114777,0.2767632305622101
0.06362255662679672,0.008326052688062191,0.07952222228050232,0.003235511714592576,0.3261849880218506,0.021969042718410492,0.497139573097229
0.044353749603033066,0.0005984470481052995,0.03688213601708412,0.002926853485405445,0.27320173382759094,0.0003677225031424314,0.6416693925857544
0.04438832029700279,0.0005278800381347537,0.06027987599372864,0.0016566496342420578,0.31718412041664124,0.005301667843014002,0.5706615447998047
0.043551936745643616,0.0002794002357404679,0.040426626801490784,0.0008296426967717707,0.25155317783355713,0.002951683709397912,0.6604076027870178
0.06885886937379837,0.00013630991452373564,0.029536157846450806,0.0009251009323634207,0.21822451055049896,0.0009646753314882517,0.6813543438911438
0.08273699879646301,0.00029027668642811477,0.06065556779503822,0.0005511891795322299,0.40730300545692444,0.00300912675447762,0.44545382261276245
0.05224626511335373,0.0012263385578989983,0.05902976542711258,0.0008845000993460417,0.2533244788646698,0.013383349403738976,0.619905412197113
0.06710420548915863,0.0002978493575938046,0.05083297938108444,0.0010060376953333616,0.3677797317504883,0.0019502771319821477,0.5110289454460144
0.08243230730295181,0.00022807886125519872,0.035944484174251556,0.0010199258103966713,0.33959299325942993,0.0005473845521919429,0.5402348041534424
0.08342262357473373,3.655035834526643e-05,0.04185004159808159,0.000922047533094883,0.3982934057712555,0.0003685995761770755,0.47510674595832825
0.08290358632802963,0.0003085641947109252,0.028711294755339622,0.0017569198971614242,0.5185025334358215,0.00019351339142303914,0.36762356758117676
0.16275103390216827,0.002448726212605834,0.045010220259428024,0.0014033851912245154,0.40387728810310364,0.0003820955171249807,0.3841272294521332
0.10011284053325653,0.0002363410167163238,0.041035864502191544,0.0013869486283510923,0.26267385482788086,0.00082190684042871,0.5937322378158569
0.06816618889570236,5.3069325076648965e-05,0.03346849977970123,0.0016875412547960877,0.24281789362430573,0.0006811075727455318,0.6531257033348083
0.07440507411956787,7.129899313440546e-05,0.02676795795559883,0.001650265883654356,0.28775647282600403,0.0003174359444528818,0.6090314388275146
0.08768779784440994,0.0006944551132619381,0.04311707615852356,0.0010719260899350047,0.4953214228153229,0.0005859705270268023,0.37152135372161865
0.08131475001573563,0.00011202695168321952,0.03656455874443054,0.0008539304253645241,0.3863373100757599,0.0005343181546777487,0.4942830502986908
0.061828985810279846,0.013005120679736137,0.055979594588279724,0.0033672740682959557,0.18173228204250336,0.06452163308858871,0.6195651292800903
0.040409885346889496,0.00046331138582900167,0.021830808371305466,0.0046401554718613625,0.1367456614971161,0.0007861019112169743,0.7951240539550781
0.05435864254832268,0.00360074988566339,0.14667673408985138,0.0017671099631115794,0.3641553223133087,0.05102294310927391,0.378418505191803
0.059653494507074356,0.001974981278181076,0.041685450822114944,0.0016235538059845567,0.23649699985980988,0.0009027927881106734,0.6576626300811768
0.06473593413829803,0.0034889178350567818,0.03427747264504433,0.0033354773186147213,0.11636225134134293,0.001080227899365127,0.7767197489738464
0.03943178430199623,0.0034057139419019222,0.027475878596305847,0.004641527310013771,0.11803469806909561,0.0010785633930936456,0.8059318661689758
0.02803831361234188,0.00029926904244348407,0.04555916041135788,0.0048907119780778885,0.20037853717803955,0.0032619740813970566,0.717572033405304
0.06816419214010239,0.0027498744893819094,0.044428758323192596,0.0010833416599780321,0.3663488030433655,0.0005161736626178026,0.5167087912559509
0.05661017820239067,0.00040936144068837166,0.0778035819530487,0.0019650717731565237,0.2492716908454895,0.0037341024726629257,0.6102060079574585
0.06829249858856201,0.0012338138185441494,0.12995867431163788,0.002396920695900917,0.3046230375766754,0.017943020910024643,0.4755519926548004
0.05139787122607231,0.0009699945221655071,0.09917648136615753,0.013569545932114124,0.20345406234264374,0.01786602847278118,0.6135661005973816
0.06215042993426323,0.014632325619459152,0.09316854178905487,0.0019609786104410887,0.5281782746315002,0.0028796603437513113,0.2970298230648041
0.04897081106901169,0.0002110605564666912,0.06424430012702942,0.0007607958395965397,0.6665567755699158,0.0025349752977490425,0.21672117710113525
0.09824540466070175,0.0007536007324233651,0.052267856895923615,0.0025409876834601164,0.2831381857395172,0.002069916110485792,0.5609840154647827
0.04103720188140869,0.002649713773280382,0.022528382018208504,0.003743181237950921,0.11898958683013916,0.0010622806148603559,0.8099896907806396
0.026874521747231483,0.00029466021806001663,0.0501582995057106,0.001342961797490716,0.4897732436656952,0.0011489508906379342,0.4304073452949524
0.042952731251716614,5.31077130290214e-05,0.02843347005546093,0.0012120447354391217,0.36064547300338745,0.0003523314371705055,0.5663508176803589
0.0782354399561882,0.002272186568006873,0.04517832770943642,0.0013986766571179032,0.3993287682533264,0.0010323389433324337,0.4725542962551117
0.043338317424058914,0.000849040865432471,0.03560025990009308,0.0006667828420177102,0.5654648542404175,0.00036687488318420947,0.35371384024620056
0.03022274188697338,0.00012385669106151909,0.02852518856525421,0.0006054069963283837,0.5121729373931885,0.00029034269391559064,0.42805957794189453
0.028863703832030296,0.00036730829742737114,0.09331554174423218,0.0024167546071112156,0.6180062890052795,0.018353978171944618,0.23867633938789368
0.02729606442153454,7.686373282922432e-05,0.030800674110651016,0.000881934363860637,0.5411568284034729,0.00012815759691875428,0.3996594548225403
0.06146803870797157,0.00011614772665780038,0.03205401822924614,0.0007235837401822209,0.5731313824653625,0.0002362350351177156,0.3322705328464508
0.10554949194192886,0.002923456020653248,0.05901549011468887,0.0010522825177758932,0.220779687166214,0.0061742039397358894,0.6045053601264954
0.03339186683297157,0.0011871043825522065,0.07784450054168701,0.0019388817017897964,0.47703951597213745,0.0003358882968313992,0.4082622826099396
0.03555053099989891,0.00012290246377233416,0.029705295339226723,0.004765632562339306,0.23515988886356354,0.00028683498385362327,0.6944089531898499
0.0493018813431263,0.0008531975327059627,0.04220873862504959,0.013546754606068134,0.07507086545228958,0.02739248238503933,0.7916260361671448
0.029613235965371132,0.0007583446567878127,0.039965204894542694,0.018720023334026337,0.06622368097305298,0.011606822721660137,0.8331126570701599
0.032615263015031815,0.0007866536034271121,0.048020970076322556,0.011537805199623108,0.15173834562301636,0.008111847564578056,0.7471890449523926
0.026451075449585915,0.00015584884386043996,0.05841381847858429,0.009370146319270134,0.18048839271068573,0.005274554248899221,0.7198461890220642
0.04528094828128815,0.0005045190919190645,0.03770410642027855,0.0010737412376329303,0.4807825982570648,0.0029840755742043257,0.43167001008987427
0.04337488114833832,0.0004930068389512599,0.01954580470919609,0.0006024464382790029,0.12712152302265167,0.0011380460346117616,0.8077242970466614
0.03126385435461998,4.9560636398382485e-05,0.02482600137591362,0.0027423545252531767,0.19293414056301117,0.0007950040162540972,0.7473890781402588
0.027452906593680382,3.103138442384079e-05,0.018211906775832176,0.003686613403260708,0.1433955878019333,0.000647682580165565,0.806574285030365
0.0641997754573822,0.00010074296005768701,0.024421976879239082,0.0013147367862984538,0.26044487953186035,0.0007104770629666746,0.6488074660301208
0.04469534754753113,0.00010834287240868434,0.02761985920369625,0.004736879840493202,0.3287651240825653,0.001600197865627706,0.5924743413925171
0.06077837571501732,0.00019382743630558252,0.053795814514160156,0.0017551543423905969,0.2657967209815979,0.0036635701544582844,0.6140166521072388
0.04766746610403061,0.0004840244073420763,0.08817282319068909,0.0022450496908277273,0.6472915410995483,0.001698736334219575,0.2124403566122055
0.08314210176467896,6.71816524118185e-05,0.043812498450279236,0.00171885103918612,0.25245168805122375,0.0005017612129449844,0.6183059215545654
0.09501540660858154,0.0002597905695438385,0.04408116638660431,0.0008132326183840632,0.3968256413936615,0.0010074586607515812,0.46199727058410645
0.06893395632505417,0.00363728916272521,0.020006466656923294,0.00643410487100482,0.3107496500015259,0.00016019868780858815,0.5900782346725464
0.07861802726984024,8.76570848049596e-05,0.03431113809347153,0.002982919802889228,0.4143819808959961,0.00022174915648065507,0.4693964719772339
0.06272117793560028,0.0001463303924538195,0.08957166224718094,0.0020459387451410294,0.3476729393005371,0.004808009136468172,0.49303385615348816
0.045994143933057785,0.0006444043829105794,0.04364258050918579,0.0009037542622536421,0.38128775358200073,0.00043062178883701563,0.527096688747406
0.04945613071322441,0.001043466036207974,0.032543811947107315,0.0011320329504087567,0.33106744289398193,0.000330928189214319,0.5844261646270752
0.03473801538348198,0.00016406171198468655,0.028269251808524132,0.0015093879774212837,0.2696409225463867,0.0006891432567499578,0.6649892330169678
0.038851961493492126,0.0002587571507319808,0.031048327684402466,0.0010598874650895596,0.26740023493766785,0.0002610075462143868,0.661119818687439
0.03822113201022148,0.000746827688999474,0.03456740826368332,0.0011651867534965277,0.282114177942276,0.00025600785738788545,0.6429292559623718
0.045493319630622864,0.0019160858355462551,0.032666053622961044,0.001276566763408482,0.30966871976852417,0.0003796282398980111,0.6085996627807617
0.04194464907050133,0.0006901572924107313,0.03697260841727257,0.0014805345563217998,0.28943774104118347,0.00025400996673852205,0.6292203068733215
0.04076799750328064,0.00020473255426622927,0.045809607952833176,0.0014754872536286712,0.3868958055973053,0.00016713864170014858,0.5246792435646057
0.03965183347463608,0.0002225604112027213,0.0560515820980072,0.0012603177456185222,0.4646841883659363,0.00013578550715465099,0.43799376487731934
0.03563804179430008,5.880061871721409e-05,0.039678990840911865,0.0013637338997796178,0.4084700345993042,0.0001191286719404161,0.514671266078949
0.03941235691308975,0.0001739263825584203,0.05411648377776146,0.0012898907298222184,0.46135467290878296,0.00034088644315488636,0.44331175088882446
0.027924437075853348,0.0003504292981233448,0.06299898028373718,0.0015106240753084421,0.40265199542045593,0.005586136132478714,0.4989773631095886
0.02699725329875946,0.00039437602390535176,0.10396264493465424,0.0024112332612276077,0.38386857509613037,0.008470876142382622,0.4738950729370117
0.0607670359313488,7.211179763544351e-05,0.025398731231689453,0.0014922814443707466,0.28854289650917053,0.00041025556856766343,0.6233167052268982
0.06384779512882233,0.012474474497139454,0.0720440074801445,0.003177375067025423,0.4574229419231415,0.0014938878593966365,0.3895394504070282
0.034690503031015396,0.0003062832111027092,0.0714884102344513,0.0015485151670873165,0.47122469544410706,0.0002914992510341108,0.4204501509666443
0.027479134500026703,0.00010973145253956318,0.06107339262962341,0.0014535364462062716,0.6040686964988708,0.00012702320236712694,0.3056885004043579
0.0372215211391449,0.0008562029106542468,0.08311241120100021,0.0016677927924320102,0.4263986349105835,0.0018196073360741138,0.44892385601997375
0.05823745205998421,0.012466654181480408,0.17211881279945374,0.0037505023647099733,0.4209844172000885,0.03545631468296051,0.2969858646392822
0.025495314970612526,0.0021579961758106947,0.1437726765871048,0.0009111612453125417,0.4837394952774048,0.010592824779450893,0.3333304524421692
0.017858825623989105,0.0002540124987717718,0.10050059109926224,0.0017380850622430444,0.5686355829238892,0.003150304313749075,0.3078625202178955
0.024537555873394012,0.0008091396884992719,0.11174212396144867,0.0020054341293871403,0.4792863130569458,0.0076484400779008865,0.37397104501724243
0.03888324275612831,0.0043694511987268925,0.10637930035591125,0.0033798201475292444,0.5724320411682129,0.003467941889539361,0.27108824253082275
0.018495934084057808,0.0007492462173104286,0.06750625371932983,0.0002398994256509468,0.8419898152351379,0.003832395887002349,0.06718640774488449
0.03168492019176483,0.0005375627079047263,0.07223085314035416,0.0012582705821841955,0.5549495816230774,0.01583060808479786,0.3235081732273102
0.02891019731760025,3.099852619925514e-05,0.036753036081790924,0.001176892314106226,0.24943174421787262,0.0005313841393217444,0.6831657290458679
0.05164925381541252,0.00044276536209508777,0.17061619460582733,0.0032787835225462914,0.14460347592830658,0.18226175010204315,0.44714778661727905
0.013388659805059433,9.19881058507599e-05,0.31826522946357727,0.07149253040552139,0.1322316825389862,0.052466437220573425,0.41206344962120056
0.019007043913006783,0.0001853376888902858,0.059618569910526276,0.001081716502085328,0.502719521522522,0.0007203277200460434,0.41666749119758606
0.05871192365884781,0.004873717203736305,0.06232040002942085,0.005233611445873976,0.2501433789730072,0.0014115915400907397,0.6173053979873657
0.08419821411371231,0.021061478182673454,0.1831861287355423,0.008709166198968887,0.3550548255443573,0.0331297293305397,0.31466037034988403
0.03890151157975197,0.001156518585048616,0.1415800303220749,0.0021893600933253765,0.4119459092617035,0.005264393053948879,0.39896219968795776
0.04219561815261841,0.00025740350247360766,0.03182000294327736,0.0009848276386037469,0.36219173669815063,0.00024384701100643724,0.5623065233230591
0.0447482168674469,5.650672028423287e-05,0.02699263207614422,0.001236423966474831,0.2673802077770233,0.0002532971266191453,0.6593327522277832
0.0337068997323513,0.0004905274836346507,0.0675790011882782,0.0016674158396199346,0.38655003905296326,0.011205021291971207,0.4988011419773102
0.040072001516819,0.0003516223805490881,0.030119802802801132,0.0010730060748755932,0.364736944437027,0.0003222784143872559,0.5633243918418884
0.033311326056718826,0.0008694576099514961,0.08584355562925339,0.003137137508019805,0.45104655623435974,0.02135062776505947,0.40444132685661316
0.06447689235210419,0.007266581989824772,0.18624775111675262,0.002481898758560419,0.2736663222312927,0.2674500346183777,0.19841057062149048
0.02902729995548725,0.00022204770357348025,0.06887222826480865,0.0014917184598743916,0.2966580390930176,0.01696665771305561,0.5867619514465332
0.06011958420276642,6.624511297559366e-05,0.041074708104133606,0.0006667092675343156,0.2744866907596588,0.001004221267066896,0.6225818395614624
0.06606803089380264,0.0024868519976735115,0.02873753383755684,0.0006602318026125431,0.3342396020889282,0.00022615485067944974,0.5675816535949707
0.058869533240795135,0.004453881643712521,0.05112156271934509,0.001128982868976891,0.35033711791038513,0.0024436896201223135,0.5316451787948608
0.04972167685627937,0.00030540229636244476,0.02047295868396759,0.0011934757931157947,0.24197059869766235,0.00026529512251727283,0.6860706210136414
0.023975197225809097,4.47352540504653e-05,0.0351446159183979,0.0008191841770894825,0.22949838638305664,0.000776451313868165,0.7097414135932922
0.030443763360381126,8.240473107434809e-05,0.05280141159892082,0.0014896042412146926,0.2956744432449341,0.0037316842935979366,0.6157767176628113
0.05232928693294525,6.950131501071155e-05,0.01839274913072586,0.0008424579282291234,0.2904551923274994,0.00014356688188854605,0.6377672553062439
0.0396803542971611,0.00039385107811540365,0.031001141294836998,0.000630917027592659,0.20663008093833923,0.001594316097907722,0.7200693488121033
0.0433378741145134,0.0013955627800896764,0.08003031462430954,0.0005457045044749975,0.6159350275993347,0.011643264442682266,0.24711230397224426
0.029825977981090546,0.0002972814836539328,0.045811597257852554,0.0016241739504039288,0.35089731216430664,0.004555975552648306,0.5669876337051392
0.03670041635632515,2.5921126507455483e-05,0.020860346034169197,0.001287180231884122,0.23064586520195007,0.00014815664326306432,0.7103320956230164
0.02233288064599037,5.732827776228078e-05,0.01612086035311222,0.0008744503720663488,0.13573114573955536,0.0005998156848363578,0.8242835402488708
0.05412956699728966,0.0005635710549540818,0.03358561173081398,0.0007923309458419681,0.2927747070789337,0.0004181999829597771,0.6177360415458679
0.031300757080316544,4.4703625462716445e-05,0.02622099034488201,0.0009591412381269038,0.21417810022830963,0.0002037344384007156,0.7270925641059875
0.03596264123916626,4.0838891436578706e-05,0.021302247419953346,0.0011975348461419344,0.18436266481876373,0.00020875151676591486,0.7569252848625183
0.01863524690270424,1.1149129022669513e-05,0.023576661944389343,0.002472089836373925,0.15871267020702362,0.0003507747605908662,0.7962413430213928
0.025104587897658348,6.214279710547999e-05,0.03070073388516903,0.004163125995546579,0.2175513207912445,0.0010510181309655309,0.7213670611381531
0.03306211531162262,0.0001322066382272169,0.028257358819246292,0.0016440199688076973,0.263816237449646,0.0016081808134913445,0.6714798808097839
0.02296549454331398,4.966891719959676e-05,0.022612454369664192,0.0019018183229491115,0.2712656259536743,0.0012635189341381192,0.6799414157867432
0.022661039605736732,9.930587111739442e-05,0.03650376573204994,0.0012616352178156376,0.4259604513645172,0.003250937443226576,0.5102628469467163
0.029576649889349937,2.2294379959930666e-05,0.018270619213581085,0.0011556624667719007,0.2106148898601532,0.0007383672636933625,0.7396215200424194
0.02853110060095787,0.0004691352369263768,0.03555049002170563,0.007288467139005661,0.1263820081949234,0.007935608737170696,0.7938432097434998
0.017913339659571648,6.48358472972177e-05,0.04486364126205444,0.013280578888952732,0.18350660800933838,0.005710426717996597,0.7346605658531189
0.014606092125177383,6.456489791162312e-05,0.03395477309823036,0.009365834295749664,0.1404000222682953,0.014794028364121914,0.7868147492408752
0.02226811647415161,2.109953129547648e-05,0.018003689125180244,0.006603257264941931,0.18513703346252441,0.0008098852122202516,0.7671569585800171
0.019622990861535072,2.7393130949349143e-05,0.02262273244559765,0.0013300999999046326,0.26380306482315063,0.001897992566227913,0.6906957030296326
0.023413754999637604,2.3665750632062554e-05,0.021107448264956474,0.002938036574050784,0.24464330077171326,0.0007894848822616041,0.7070842981338501
0.026199785992503166,7.129938603611663e-05,0.025256793946027756,0.0020062595140188932,0.23192612826824188,0.0004855847219005227,0.7140541076660156
0.016939794644713402,5.940462870057672e-05,0.039668384939432144,0.002131055109202862,0.3303997218608856,0.011195626109838486,0.5996060371398926
0.01618437096476555,8.917131344787776e-05,0.04622521623969078,0.00208171340636909,0.3767145276069641,0.025965923443436623,0.5327390432357788
0.024282945320010185,4.627231464837678e-05,0.024277381598949432,0.0019444425124675035,0.2635917067527771,0.001147066941484809,0.6847102046012878
0.01859884522855282,0.00015125650679692626,0.05924750491976738,0.003099899273365736,0.3848874568939209,0.05925937369465828,0.4747556746006012
0.02389558032155037,3.793419818975963e-05,0.028503378853201866,0.003758809296414256,0.271492063999176,0.004229781683534384,0.6680824160575867
0.051399264484643936,0.004671688657253981,0.0565188005566597,0.013658972457051277,0.0767793133854866,0.30351030826568604,0.49346163868904114
0.04060368239879608,0.002188344020396471,0.07972616702318192,0.002896909834817052,0.208406463265419,0.13341256976127625,0.5327658653259277
0.035741038620471954,4.205642471788451e-05,0.019681880250573158,0.0023686722852289677,0.15231840312480927,0.0007090656436048448,0.789138913154602
0.020244158804416656,0.00010133949399460107,0.015928976237773895,0.0025883784983307123,0.10521069914102554,0.0010096377227455378,0.8549168109893799
0.017648806795477867,5.015758142690174e-05,0.01466513704508543,0.004133175127208233,0.09780474007129669,0.00046642430243082345,0.8652315735816956
0.03191062808036804,0.00043909685336984694,0.04058283939957619,0.001909117680042982,0.2712998390197754,0.010307466611266136,0.6435510516166687
0.035361867398023605,0.00011192375677637756,0.019571512937545776,0.00128153245896101,0.21513617038726807,0.0004504434473346919,0.7280865907669067
0.03795450180768967,0.00028709537582471967,0.028653105720877647,0.002571168588474393,0.23797930777072906,0.0006895692786201835,0.6918653249740601
0.018741916865110397,0.00017301617481280118,0.029110515490174294,0.003377220593392849,0.1579296737909317,0.010645529255270958,0.780022144317627
0.027179274708032608,0.0006689748843200505,0.02682449109852314,0.0038622335996478796,0.13585306704044342,0.002183707896620035,0.8034282326698303
0.035511650145053864,0.005401630885899067,0.03440079465508461,0.004085250664502382,0.1043311357498169,0.0064736478962004185,0.8097959160804749
0.034138813614845276,0.00041565505671314895,0.031810399144887924,0.0021640672348439693,0.2555452287197113,0.0006346529116854072,0.6752911806106567
0.05225875601172447,0.00037857305142097175,0.034587450325489044,0.00201373640447855,0.21523338556289673,0.0018023090669885278,0.6937258243560791
0.07750094681978226,0.0027056431863456964,0.04577718675136566,0.001734353369101882,0.24480386078357697,0.0008214951958507299,0.6266564726829529
0.06374020129442215,0.00012999337923247367,0.024746477603912354,0.002389335073530674,0.2584304213523865,0.00047295252443291247,0.6500906348228455
0.05962558090686798,0.000126924947835505,0.04375995695590973,0.0019643816631287336,0.2541583776473999,0.0015626490348950028,0.6388021111488342
0.05202963948249817,9.322792902821675e-05,0.019801806658506393,0.0018986085196956992,0.12936946749687195,0.0006069040391594172,0.7962003946304321
0.023295454680919647,0.00017153346561826766,0.031615857034921646,0.0018418763065710664,0.10167089104652405,0.0041115847416222095,0.8372927904129028
0.04293567314743996,0.0017448060680180788,0.07583481073379517,0.003552274312824011,0.29765284061431885,0.005518817808479071,0.5727607607841492
0.03172933682799339,0.003227767301723361,0.03858352452516556,0.0030319318175315857,0.15459905564785004,0.03139937296509743,0.7374290823936462
0.01203823834657669,2.7370642783353105e-05,0.049116384238004684,0.003808912355452776,0.11794229596853256,0.029373517259955406,0.7876933217048645
0.011419236660003662,4.355526471044868e-05,0.016545452177524567,0.0025540790520608425,0.11860775947570801,0.0032757169101387262,0.8475542664527893
0.01996626891195774,7.68913232604973e-05,0.012287655845284462,0.004152238368988037,0.10818582028150558,0.0003231844457332045,0.8550079464912415
0.03770213574171066,0.0023747242521494627,0.032715145498514175,0.004996719770133495,0.15864254534244537,0.010851651430130005,0.752717137336731
0.0325845330953598,0.0012233176967129111,0.033833038061857224,0.008013740181922913,0.11327886581420898,0.0011360497446730733,0.8099305033683777
0.041560061275959015,0.001163410721346736,0.02066953293979168,0.003436524188145995,0.17897242307662964,0.000692380010150373,0.7535056471824646
0.03222131356596947,0.00035310472594574094,0.027356529608368874,0.004621447995305061,0.16694550216197968,0.000900588755030185,0.767601490020752
0.023338772356510162,0.00017635106632951647,0.045003827661275864,0.0031886158976703882,0.3495789170265198,0.000307140639051795,0.5784063935279846
0.034903865307569504,0.0006912634707987309,0.04461304843425751,0.007020147051662207,0.1767171025276184,0.0009161050547845662,0.735138475894928
0.019178902730345726,5.952449646429159e-05,0.02602631039917469,0.0020930543541908264,0.48868635296821594,0.00029775052098557353,0.4636581242084503
0.019956212490797043,9.229478018824011e-05,0.018231334164738655,0.0020051095634698868,0.3930121064186096,0.0003328671446070075,0.5663700699806213
0.03434685245156288,6.672679592156783e-05,0.015047237277030945,0.0007414142019115388,0.3383246958255768,0.00033186929067596793,0.6111411452293396
0.05734286829829216,0.0006284721312113106,0.030619041994214058,0.0016593713080510497,0.3590841293334961,0.00013204583956394345,0.5505340695381165
0.0733451172709465,0.0013631817419081926,0.0318935252726078,0.0013856830773875117,0.3207826316356659,0.00021759860101155937,0.5710121989250183
0.06451605260372162,0.001767844776622951,0.03362562134861946,0.0017600585706532001,0.31242603063583374,0.00016885397781152278,0.585735559463501
0.08301030844449997,0.0024633200373500586,0.03402184695005417,0.0012490213848650455,0.4353170394897461,0.0001363422052236274,0.4438020586967468
0.0889277458190918,0.0006222205702215433,0.03687041252851486,0.0015472719678655267,0.33755433559417725,0.00018326671852264553,0.5342947244644165
0.06576155871152878,0.0004664633306674659,0.03335392475128174,0.002669932320713997,0.26401472091674805,0.00042860271059907973,0.6333048343658447
0.06046491488814354,0.0006287068245001137,0.035927072167396545,0.0026106820441782475,0.2677037715911865,0.00030343359685502946,0.6323614120483398
0.045526377856731415,4.3109692342113703e-05,0.01991337537765503,0.000633411924354732,0.2756100594997406,0.0003308827872388065,0.6579427123069763
0.053965937346220016,0.00010163123079109937,0.02429339662194252,0.0006490044761449099,0.32824844121932983,0.00032744044438004494,0.5924142003059387
0.03868061304092407,4.3430860387161374e-05,0.03362395986914635,0.0007937109330669045,0.32703348994255066,0.0006897247512824833,0.5991350412368774
0.054364703595638275,3.0943305318942294e-05,0.03705829754471779,0.000957889948040247,0.26129791140556335,0.00048018162488006055,0.645810067653656
0.06408447027206421,4.519418507697992e-05,0.04160211980342865,0.0007562930695712566,0.34176570177078247,0.0004813399282284081,0.5512648820877075
0.045658182352781296,2.4799408492981456e-05,0.03659076616168022,0.0008183094905689359,0.2779364287853241,0.0005000375094823539,0.6384714841842651
0.051005445420742035,5.283714926918037e-05,0.03015180304646492,0.0010331125231459737,0.3507046401500702,0.0003360391710884869,0.5667161345481873
0.04700068011879921,3.467278656898998e-05,0.02700773999094963,0.0009925757767632604,0.26650339365005493,0.00026675351546145976,0.6581942439079285
0.04463348537683487,2.6098292437382042e-05,0.02407940663397312,0.001039848430082202,0.2610335350036621,0.0003311300533823669,0.6688565015792847
0.05880317464470863,2.240437243017368e-05,0.028941113501787186,0.0009281551465392113,0.2700396180152893,0.00026461135712452233,0.6410008668899536
0.05232510715723038,2.1406398445833474e-05,0.029597410932183266,0.0012756879441440105,0.24611914157867432,0.0002611075760796666,0.670400083065033
0.06112155318260193,2.581783883215394e-05,0.026393018662929535,0.0010688555194064975,0.2509754002094269,0.0002855396014638245,0.6601297855377197
0.05179399996995926,3.44338986906223e-05,0.031215468421578407,0.0012301226379349828,0.24525785446166992,0.00035669381031766534,0.6701114177703857
0.051946256309747696,3.9080601709429175e-05,0.02836175262928009,0.001073994324542582,0.25123265385627747,0.00037571712164208293,0.6669705510139465
0.052183955907821655,6.275227497098967e-05,0.027919314801692963,0.0014471836620941758,0.22758358716964722,0.0006650190916843712,0.6901382207870483
0.04361693188548088,7.143017865018919e-05,0.03015083819627762,0.0011509363539516926,0.25092312693595886,0.0003863972960971296,0.6737003326416016
0.04465967044234276,8.492491906508803e-05,0.03729943931102753,0.0013620720710605383,0.2555072009563446,0.0004490493447519839,0.6606376767158508
0.050460148602724075,6.700974336126819e-05,0.03544088825583458,0.0007568539003841579,0.20551444590091705,0.002279084175825119,0.7054815888404846
0.03553749993443489,0.0001400593318976462,0.05765823647379875,0.0010053602745756507,0.27016669511795044,0.033049698919057846,0.6024423837661743
0.0238802433013916,2.2414658815250732e-05,0.041193485260009766,0.0010918929474428296,0.2610679566860199,0.0027177019510418177,0.6700262427330017
0.068592868745327,9.51112451730296e-05,0.030495597049593925,0.0009776633232831955,0.40971747040748596,0.0004894438898190856,0.48963186144828796
0.059132348746061325,0.0035852014552801847,0.0509454645216465,0.008345324546098709,0.3174865245819092,0.0006730412133038044,0.5598320960998535
0.041799649596214294,0.000850685581099242,0.0851251482963562,0.0017458298243582249,0.4142782390117645,0.00023442160454578698,0.455966055393219
0.04452766850590706,0.0003828566987067461,0.05000302568078041,0.0008058384992182255,0.5026131868362427,0.0025886844377964735,0.39907875657081604
0.03208790719509125,0.0008551374194212258,0.10914529860019684,0.0006636206526309252,0.5503023266792297,0.001273124711588025,0.30567261576652527
0.051041483879089355,0.008356679230928421,0.21146301925182343,0.010536960326135159,0.34452110528945923,0.01431014109402895,0.35977065563201904
0.046991460025310516,0.000761757604777813,0.1358877569437027,0.0037502821069210768,0.4062310457229614,0.0069306292571127415,0.39944711327552795
0.026718132197856903,0.00013518755440600216,0.04914858937263489,0.000776272383518517,0.5374447107315063,0.00013814092380926013,0.3856389820575714
0.037312813103199005,0.0006382355350069702,0.040428973734378815,0.0016455398872494698,0.331665962934494,0.0004998032236471772,0.5878087282180786
0.02632904425263405,0.00010244964505545795,0.0405738539993763,0.0010054606245830655,0.45975401997566223,0.00012038959539495409,0.47211477160453796
0.03285432234406471,0.00041010876884683967,0.04702548310160637,0.002805361757054925,0.36628007888793945,0.0004307794733904302,0.5501937866210938
0.02744055725634098,0.0008978493860922754,0.05919980630278587,0.002624486107379198,0.4639406204223633,0.005393709987401962,0.4405028820037842
0.03793130815029144,2.428125480946619e-05,0.015613023191690445,0.0036052062641829252,0.17221955955028534,0.00036300011561252177,0.7702436447143555
0.026659775525331497,0.0014822011580690742,0.060264989733695984,0.003699279623106122,0.4499239921569824,0.0010402899933978915,0.4569295048713684
0.03849297761917114,3.5225239116698503e-05,0.018080253154039383,0.0006354587385430932,0.2396433800458908,0.0005203555920161307,0.7025923132896423
0.04196979105472565,0.0001828543026931584,0.062417544424533844,0.0012838614638894796,0.3686085641384125,0.00014172159717418253,0.5253956913948059
0.04538017883896828,0.0026469435542821884,0.04153814911842346,0.0010698463302105665,0.38251689076423645,0.00020486330322455615,0.5266430974006653
0.034460265189409256,0.00022933587024454027,0.03547263145446777,0.002187924925237894,0.24968761205673218,0.00039076933171600103,0.6775714159011841
0.034166544675827026,0.00012099912419216707,0.05048387870192528,0.0017780647613108158,0.24922116100788116,0.0005344314849935472,0.6636949181556702
0.03494818136096001,0.0006662736996077001,0.06967435777187347,0.0017373306909576058,0.582447350025177,0.00042625435162335634,0.310100257396698
0.025516001507639885,0.0007843128405511379,0.08940887451171875,0.002868443261831999,0.3752686381340027,0.010920476168394089,0.4952332377433777
0.02274159900844097,0.0004690914647653699,0.10446051508188248,0.0032477325294166803,0.361183762550354,0.01658681407570839,0.4913105070590973
0.03600464388728142,0.0004253645893186331,0.046767715364694595,0.0023381717037409544,0.393000990152359,0.000265356560703367,0.5211977362632751
0.02867126278579235,0.0002761576324701309,0.0618005245923996,0.002157051581889391,0.5579631328582764,0.00031517865136265755,0.3488166928291321
0.03422117978334427,0.00013582975952886045,0.030312813818454742,0.0011571637587621808,0.1870216280221939,0.004504874814301729,0.7426465153694153
0.026193616911768913,3.1629846489522606e-05,0.027675289660692215,0.00310217565856874,0.16640996932983398,0.005124152638018131,0.77146315574646
0.03497530519962311,0.0009019225253723562,0.08985656499862671,0.0006917364662513137,0.717717170715332,0.009696322493255138,0.14616094529628754
0.05944689363241196,0.00019347225315868855,0.04732118919491768,0.0006310770404525101,0.5383460521697998,0.0015710509615018964,0.3524903655052185
0.03472531586885452,0.00010400733299320564,0.06049255654215813,0.000425303413067013,0.5941812992095947,0.002445787191390991,0.3076256513595581
0.0325360968708992,0.0002287800016347319,0.06248044595122337,0.00039432046469300985,0.63294917345047,0.0016069666016846895,0.2698042094707489
0.027708614245057106,2.085495179926511e-05,0.032161418348550797,0.0012422731379047036,0.25418606400489807,0.0005632263491861522,0.6841174960136414
0.03828108683228493,0.000491414510179311,0.08442936092615128,0.0019039378967136145,0.189956396818161,0.0851934477686882,0.5997443795204163
0.035651177167892456,0.00039913319051265717,0.09050118923187256,0.001794318901374936,0.3163529932498932,0.11800157278776169,0.4372996389865875
0.06413973122835159,0.0006570785189978778,0.07651350647211075,0.0020335365552455187,0.4097023904323578,0.05071617290377617,0.3962376117706299
0.0868907943367958,0.003884610952809453,0.1056964322924614,0.005275166127830744,0.39792585372924805,0.07363879680633545,0.32668837904930115
0.044864263385534286,0.0005912678316235542,0.07747619599103928,0.006479309406131506,0.29331615567207336,0.14639794826507568,0.4308748245239258
0.021265797317028046,0.00027221275377087295,0.08176545798778534,0.0034332801587879658,0.20699630677700043,0.20909056067466736,0.47717636823654175
0.03884650766849518,7.465233647963032e-05,0.03125294670462608,0.001520770601928234,0.11785540729761124,0.0020667552016675472,0.8083829879760742
0.0341000109910965,5.547991531784646e-05,0.022777656093239784,0.0012051970697939396,0.20168447494506836,0.0011595214018598199,0.7390176653862
0.02595478668808937,2.2303347577690147e-05,0.03138211369514465,0.0015154152642935514,0.24998097121715546,0.002176642417907715,0.688967764377594
0.028989700600504875,4.4609121687244624e-05,0.035603344440460205,0.0017866595881059766,0.21357738971710205,0.003856697352603078,0.7161416411399841
0.041873812675476074,0.0001363309274893254,0.052836332470178604,0.0011663666227832437,0.35876062512397766,0.007767369505017996,0.5374591946601868
0.03412454575300217,0.00019146666454616934,0.11690790951251984,0.002116918796673417,0.29835668206214905,0.08915716409683228,0.45914527773857117
0.04421825334429741,0.0002266766969114542,0.06789489835500717,0.0013789988588541746,0.4136205017566681,0.01712876185774803,0.45553189516067505
0.030111687257885933,0.0002217224973719567,0.10862218588590622,0.0016198739176616073,0.27920857071876526,0.18719850480556488,0.393017441034317
0.025699609890580177,9.771480836207047e-05,0.07863261550664902,0.002193331252783537,0.38900497555732727,0.031467802822589874,0.47290390729904175
0.03230426833033562,0.0001201261329697445,0.03432619571685791,0.0014552830252796412,0.22296024858951569,0.008923033252358437,0.6999108791351318
0.03935892879962921,2.2188920411281288e-05,0.023312656208872795,0.0009884792380034924,0.15462632477283478,0.0007425860967487097,0.78094881772995
0.036823444068431854,1.9516030079103075e-05,0.01768047921359539,0.0014291155384853482,0.1373269408941269,0.0007188967429101467,0.8060016632080078
0.03121347166597843,6.825676246080548e-05,0.024698900058865547,0.0015896023251116276,0.22700144350528717,0.0029044572729617357,0.7125238180160522
0.03326602652668953,7.63744828873314e-05,0.042016658931970596,0.001262897509150207,0.21228060126304626,0.0018340761307626963,0.7092633247375488
0.04808801785111427,0.0002930742339231074,0.0969601720571518,0.0023014380130916834,0.22910287976264954,0.005324988160282373,0.6179295182228088
0.03452734649181366,0.00015493905812036246,0.04191313683986664,0.0019944380037486553,0.21053162217140198,0.002058773534372449,0.7088197469711304
0.039281781762838364,8.293874998344108e-05,0.04584073647856712,0.0012661934597417712,0.2105717808008194,0.0069292206317186356,0.6960273385047913
0.028506767004728317,0.0019115885952487588,0.09391963481903076,0.007162458263337612,0.4450148046016693,0.0076872818171978,0.41579747200012207
0.05789754167199135,2.9546094083343633e-05,0.025679441168904305,0.0009405750315636396,0.256651371717453,0.00035043800016865134,0.6584510803222656
0.03804582357406616,0.00011669941886793822,0.044487275183200836,0.0016407445073127747,0.24282483756542206,0.0041266451589763165,0.6687579154968262
0.05108802020549774,0.00015679351054131985,0.04515671730041504,0.0006976407603360713,0.24852225184440613,0.001524014980532229,0.6528545618057251
0.04119349643588066,6.769770698156208e-05,0.038118936121463776,0.0010816232534125447,0.3297429382801056,0.0015768578741699457,0.5882184505462646
0.04751400649547577,0.0013708863407373428,0.027317805215716362,0.0037229317240417004,0.24503536522388458,0.00025953236036002636,0.6747794151306152
0.03421584144234657,1.9647170120151713e-05,0.02067209593951702,0.0017074228962883353,0.2472369521856308,0.0002552032528910786,0.6958928108215332
0.032332420349121094,0.0012441454455256462,0.07580844312906265,0.0006479581352323294,0.7051610350608826,0.002189285820350051,0.18261666595935822
0.018236542120575905,5.230214082985185e-05,0.035228293389081955,0.0030407982412725687,0.32985401153564453,0.0010867503006011248,0.6125012636184692
0.055100489407777786,0.00011845005792565644,0.046322207897901535,0.0017908697482198477,0.3491154611110687,0.0006177604664117098,0.5469347834587097
0.07916341722011566,0.00014197558630257845,0.031174391508102417,0.000738271395675838,0.5530251860618591,0.000172409214428626,0.3355844020843506
0.06586070358753204,0.000270915130386129,0.1033400297164917,0.0004907711991108954,0.5745253562927246,0.02418224886059761,0.2313300520181656
0.062058765441179276,0.000816601503174752,0.10148342698812485,0.0023798670154064894,0.3973051905632019,0.0112637709826231,0.42469239234924316
0.0282478928565979,3.09966089844238e-05,0.030805297195911407,0.0021456212271004915,0.1900985836982727,0.0007247129688039422,0.7479468584060669
0.01765262708067894,2.535610292397905e-05,0.028212783858180046,0.0027782500255852938,0.2000432163476944,0.004922870546579361,0.7463648319244385
0.025630949065089226,2.9322205591597594e-05,0.024298720061779022,0.0016930124256759882,0.1995839774608612,0.0013721486320719123,0.747391939163208
0.05877901241183281,0.00024136900901794434,0.08251896500587463,0.0028616914059966803,0.23256343603134155,0.030197350308299065,0.5928381085395813
0.050611916929483414,2.9895620173192583e-05,0.04631492868065834,0.0007422040216624737,0.22254769504070282,0.0005137362168170512,0.6792396306991577
0.04776490479707718,4.195453584543429e-05,0.033548422157764435,0.0007078336202539504,0.27439555525779724,0.0004944232641719282,0.6430468559265137
0.047860126942396164,0.00021212287538219243,0.07412402331829071,0.0016791363013908267,0.2528528869152069,0.004400959238409996,0.6188707947731018
0.026500973850488663,0.00010779873991850764,0.032227255403995514,0.0017777602188289165,0.19712212681770325,0.0010822395561262965,0.7411818504333496
0.04817499965429306,0.0002448403974995017,0.07550934702157974,0.000501903414260596,0.4837488830089569,0.006100183352828026,0.38571977615356445
0.062799833714962,0.00013439884060062468,0.057359036058187485,0.0004080081998836249,0.5401559472084045,0.0011935869697481394,0.3379492461681366
0.06842540204524994,0.0002040786639554426,0.03743195906281471,0.0009118915186263621,0.5375880599021912,0.0009059840813279152,0.3545326292514801
0.06633476167917252,0.00043687253491953015,0.112879179418087,0.004688702058047056,0.5216258764266968,0.0056841992773115635,0.28835049271583557
0.047225870192050934,0.00040107392123900354,0.1809503734111786,0.0013235964579507709,0.53431236743927,0.04904858395457268,0.18673813343048096
0.055849578231573105,0.0005071513587608933,0.09423002600669861,0.0007622051634825766,0.6219022274017334,0.01607832871377468,0.21067039668560028
0.08204852044582367,0.0014590804930776358,0.11189083755016327,0.001554701360873878,0.5398778915405273,0.021321764215826988,0.24184724688529968
0.06504964828491211,0.00027539918664842844,0.062033262103796005,0.0009865880711004138,0.560979425907135,0.000869462382979691,0.3098061978816986
0.0531412772834301,0.000527042371686548,0.15727558732032776,0.002212977036833763,0.4931647479534149,0.09827201813459396,0.19540631771087646
0.05338890478014946,0.0009232524898834527,0.06809856742620468,0.003799588419497013,0.25316160917282104,0.016688985750079155,0.6039391160011292
0.06564715504646301,0.0008035126375034451,0.16493768990039825,0.0025027364026755095,0.5138823986053467,0.023168519139289856,0.22905795276165009
0.0928424596786499,0.0004932875162921846,0.05709158629179001,0.0009347574668936431,0.48797526955604553,0.0005078079993836582,0.3601548373699188
0.09228979796171188,9.750366007210687e-05,0.03542270511388779,0.0005495757213793695,0.3935907781124115,0.00030282913940027356,0.477746844291687
0.07544619590044022,0.0008525700541213155,0.08130107074975967,0.0006971878465265036,0.6144918203353882,0.010107481852173805,0.21710370481014252
0.07549235224723816,6.963866326259449e-05,0.04076111689209938,0.000795035797636956,0.42281466722488403,0.00035648365155793726,0.45971059799194336
0.04187276214361191,0.00024294866307172924,0.07393274456262589,0.0006359879625961185,0.6758851408958435,0.003331417217850685,0.20409895479679108
0.058812692761421204,7.945777178974822e-05,0.04439161717891693,0.0024280373472720385,0.367026686668396,0.0006879359716549516,0.5265735387802124
0.06537595391273499,0.0001248904300155118,0.0357588455080986,0.0011308597167953849,0.24839365482330322,0.0009089208906516433,0.6483069062232971
0.035335395485162735,0.0002760008501354605,0.04400583729147911,0.019104739651083946,0.38628795742988586,0.002506514545530081,0.512483537197113
0.01667427457869053,3.0020353733561933e-05,0.026905782520771027,0.004055572673678398,0.20400799810886383,0.0013180481037124991,0.7470082640647888
0.03028392791748047,0.00012220710050314665,0.010819424875080585,0.002222407143563032,0.18270835280418396,0.00017906785069499165,0.773664653301239
0.024171901866793633,0.00014019165246281773,0.026108579710125923,0.008386412635445595,0.2194693237543106,0.0006393602234311402,0.7210842370986938
0.06031827628612518,0.0003800088306888938,0.02697356976568699,0.00785750150680542,0.17710871994495392,0.0010535918409004807,0.726308286190033
0.0429387092590332,5.604729813057929e-05,0.024147795513272285,0.0007585307466797531,0.6129488945007324,5.149432035977952e-05,0.31909850239753723
0.03036564402282238,5.835051342728548e-05,0.028407424688339233,0.004126430489122868,0.1764369010925293,0.0003254621697124094,0.7602797746658325
0.04209199920296669,4.639746475731954e-05,0.027262212708592415,0.001339066307991743,0.25805363059043884,0.0004105617990717292,0.6707960963249207
0.034056954085826874,4.750457082991488e-05,0.025599829852581024,0.003097270615398884,0.1482882797718048,0.0003482928150333464,0.7885618805885315
0.03222064673900604,8.693386917002499e-05,0.026154056191444397,0.0026642524171620607,0.11739534884691238,0.0005931906634941697,0.8208855390548706
0.0276498906314373,6.0969727201154456e-05,0.02344946376979351,0.0031956746242940426,0.14975585043430328,0.00046540380571968853,0.7954227924346924
0.02493486925959587,6.448367639677599e-05,0.02267099730670452,0.0030974445398896933,0.14945292472839355,0.001241264515556395,0.7985379695892334
0.025602564215660095,0.00011874750634888187,0.025000588968396187,0.00384393148124218,0.18778017163276672,0.0030036186799407005,0.7546504139900208
0.020465737208724022,8.624601468909532e-05,0.02856474556028843,0.0024202934000641108,0.24995645880699158,0.002987574553117156,0.6955189108848572
0.023851485922932625,0.00011332739086356014,0.026895998045802116,0.0018107672221958637,0.17530730366706848,0.0039800177328288555,0.7680411338806152
0.045826006680727005,0.001099674729630351,0.03205353766679764,0.001733256271108985,0.21484901010990143,0.002843776484951377,0.7015947699546814
0.029608679935336113,0.00054975162493065,0.022028548642992973,0.001623479649424553,0.11940883845090866,0.0036036439705640078,0.8231770396232605
0.027140483260154724,0.00019711931236088276,0.05118660628795624,0.0025757059920579195,0.195795476436615,0.0109740374609828,0.7121305465698242
0.033319950103759766,6.0641577874775976e-05,0.03861376270651817,0.0017155591631308198,0.4038311243057251,0.0019950144924223423,0.5204639434814453
0.05271122232079506,0.00018437160179018974,0.05203019827604294,0.0011328865075483918,0.3962717056274414,0.003944343887269497,0.4937252998352051
0.06787869334220886,0.0005797793855890632,0.06850070506334305,0.0008812884916551411,0.45883992314338684,0.010640625841915607,0.39267897605895996
0.04184802994132042,0.00029559890390373766,0.03587323799729347,0.003307220060378313,0.328117698431015,0.000823893875349313,0.5897343754768372
0.019867604598402977,0.00012488613720051944,0.04226424917578697,0.004979421850293875,0.3182995915412903,0.0028203725814819336,0.6116437911987305
0.01990087702870369,6.816730456193909e-05,0.031522732228040695,0.005135317333042622,0.19828756153583527,0.003422896843403578,0.7416624426841736
0.01964314468204975,6.93545225658454e-05,0.028996272012591362,0.00438257772475481,0.2309122085571289,0.0028268727473914623,0.713169515132904
0.01853880099952221,5.139111453900114e-05,0.03549119830131531,0.002922633895650506,0.3056786060333252,0.0012724495027214289,0.6360449194908142
0.03534627705812454,0.00014197308337315917,0.02857370115816593,0.001810973510146141,0.34500789642333984,0.00031712770578451455,0.5888020396232605
0.01821446232497692,6.323974230326712e-05,0.03441346064209938,0.002363496692851186,0.332868367433548,0.002874062629416585,0.6092028617858887
0.021481838077306747,9.340370161226019e-05,0.02604115940630436,0.004357749596238136,0.2517814338207245,0.0018845659215003252,0.6943597793579102
0.018744373694062233,0.00010166836000280455,0.0260042492300272,0.003340028924867511,0.21109715104103088,0.004268256481736898,0.7364442348480225
0.022369323298335075,0.0003452654927968979,0.026235174387693405,0.0025095553137362003,0.1945715993642807,0.006291639059782028,0.7476774454116821
0.026047522202134132,0.00043370414641685784,0.02415914461016655,0.002690706169232726,0.1539107710123062,0.012134105898439884,0.7806240320205688
0.02833600528538227,0.00042349574505351484,0.02307014726102352,0.0029486336279660463,0.12422090023756027,0.010892900638282299,0.810107946395874
0.02834915928542614,9.553009294904768e-05,0.03626522421836853,0.0020500130485743284,0.3506854176521301,0.0012285653501749039,0.5813261270523071
0.02656073123216629,0.00014285510405898094,0.046697214245796204,0.0012385164154693484,0.4191129207611084,0.002239455468952656,0.5040082931518555
0.038580622524023056,0.00014710247342009097,0.04448384419083595,0.0013212230987846851,0.3863691985607147,0.001833115122281015,0.5272649526596069
0.03180764988064766,0.00026319027529098094,0.04343273863196373,0.0013608249137178063,0.3705650568008423,0.005037349183112383,0.5475332736968994
0.03554608300328255,0.0004161286342423409,0.045547205954790115,0.003426838433369994,0.22031418979167938,0.004915500059723854,0.6898339986801147
0.03735049441456795,0.00013503452646546066,0.02053413912653923,0.0044289566576480865,0.13433018326759338,0.00040501178591512144,0.8028160929679871
0.033374033868312836,2.259727261844091e-05,0.015315207652747631,0.0024401238188147545,0.13384027779102325,0.00022355924011208117,0.8147841691970825
0.02974105067551136,0.0004267796757631004,0.042295970022678375,0.003458930179476738,0.23247353732585907,0.0482814647257328,0.6433223485946655
0.03412582725286484,0.0007606057915836573,0.0784766748547554,0.008620617911219597,0.19234076142311096,0.23935657739639282,0.44631892442703247
0.03627602756023407,0.0003509468515403569,0.0627896636724472,0.006146213039755821,0.35437145829200745,0.007379328832030296,0.5326863527297974
0.018467789515852928,0.00013855584256816655,0.04210008308291435,0.0028535916935652494,0.3283558785915375,0.0036021072883158922,0.6044819951057434
0.04286681488156319,0.00033645128132775426,0.04935960844159126,0.0031139205675572157,0.366945743560791,0.00031477687298320234,0.5370627045631409
0.045501939952373505,0.002957824384793639,0.07151813060045242,0.0020889604929834604,0.5770622491836548,0.00896994024515152,0.2919009327888489
0.028596289455890656,0.00016354613762814552,0.015550609678030014,0.0019167904974892735,0.2507886290550232,0.0007055050227791071,0.7022785544395447
0.02155224420130253,4.886970782536082e-05,0.016475485637784004,0.0015523809706792235,0.17833732068538666,0.00034003681503236294,0.7816936373710632
0.028880730271339417,0.0010626675793901086,0.02579629421234131,0.0013723536394536495,0.3231700360774994,0.0008561253780499101,0.6188618540763855
0.015237608924508095,0.00045318008051253855,0.043630268424749374,0.0015457005938515067,0.4658852219581604,0.002794558648020029,0.4704534709453583
0.06603587418794632,0.002842004643753171,0.05732829496264458,0.002618446946144104,0.1456073522567749,0.03863832354545593,0.6869297623634338
0.03313238173723221,0.0015576507430523634,0.027565432712435722,0.008574048057198524,0.14316922426223755,0.0022050910629332066,0.7837961316108704
0.01973326876759529,3.948211815441027e-05,0.034829843789339066,0.0034827168565243483,0.2567329704761505,0.0004426373925525695,0.6847391128540039
0.022781318053603172,0.00013907723769079894,0.04669877141714096,0.0021250525023788214,0.31199055910110474,0.0030742536764591932,0.6131909489631653
0.02873610146343708,0.0003264285624027252,0.025517884641885757,0.0016706306487321854,0.2540533244609833,0.010169907473027706,0.6795257329940796
0.03233518823981285,2.855656020983588e-05,0.0317438468337059,0.002045387402176857,0.32750117778778076,0.0019981414079666138,0.6043476462364197
0.04708442836999893,0.0005854629562236369,0.020566461607813835,0.007087288424372673,0.1141371950507164,0.0005546073662117124,0.8099845051765442
0.03790104761719704,0.01425406988710165,0.034112364053726196,0.011352431029081345,0.1633840799331665,0.015905313193798065,0.7230907082557678
0.021479632705450058,0.0002188244106946513,0.11478112637996674,0.009957768954336643,0.2845273017883301,0.015651501715183258,0.5533838272094727
0.04754502326250076,0.0017319784965366125,0.1815594881772995,0.009281406179070473,0.2323431521654129,0.0934385284781456,0.434100478887558
0.03388267010450363,0.0034699738025665283,0.07335260510444641,0.002794131636619568,0.22106729447841644,0.028627954423427582,0.6368053555488586
0.038885265588760376,0.0015998160233721137,0.11862053722143173,0.012279358692467213,0.2548511028289795,0.17628981173038483,0.397474080324173
0.028599465265870094,0.0025334362871944904,0.11108224838972092,0.012808220461010933,0.22301925718784332,0.17450906336307526,0.44744837284088135
0.016480697318911552,2.470969411660917e-05,0.05617131292819977,0.0009733775514177978,0.4901230037212372,0.0007095708861015737,0.43551740050315857
0.036673590540885925,0.001015181071124971,0.05969138815999031,0.0023864631075412035,0.4007469415664673,0.008123052306473255,0.49136340618133545
0.045052167028188705,0.00040242847171612084,0.03329925984144211,0.0008464297279715538,0.49515581130981445,0.00023219725699163973,0.4250117242336273
0.03701748326420784,0.001105648116208613,0.040369272232055664,0.0005907337763346732,0.5281825065612793,0.0006427044863812625,0.3920917809009552
0.0379413478076458,0.0012117819860577583,0.05710357055068016,0.0006071719108149409,0.6034120917320251,0.001268449006602168,0.2984555959701538
0.02893918566405773,0.0001304587785853073,0.05377383902668953,0.0009872590890154243,0.5673503875732422,0.00022419216111302376,0.34859466552734375
0.02994801104068756,0.0016574360197409987,0.06412346661090851,0.0007351377862505615,0.7039036750793457,0.0015785356517881155,0.1980537325143814
0.04258570447564125,0.003219007048755884,0.07299477607011795,0.0009382543503306806,0.5398483276367188,0.0025930097326636314,0.3378208875656128
0.032459694892168045,0.00012994621647521853,0.041814155876636505,0.000736042857170105,0.47130468487739563,0.00018490900401957333,0.4533705711364746
0.048635084182024,0.00021983517217449844,0.027636244893074036,0.0005916642840020359,0.4475196599960327,7.592313340865076e-05,0.47532156109809875
0.09188664704561234,0.08612130582332611,0.08469021320343018,0.0009679424692876637,0.38297969102859497,0.001537766889669001,0.35181641578674316
0.039318110793828964,0.0006328211748041213,0.024544795975089073,0.00598847446963191,0.2720029354095459,0.0003813203948084265,0.6571316123008728
0.0528704933822155,0.0003477797727100551,0.047867290675640106,0.0024718649219721556,0.32123520970344543,0.00033462533610872924,0.5748727917671204
0.03638935089111328,0.0003845660830847919,0.04816782474517822,0.0007755449623800814,0.5363108515739441,0.0009337281808257103,0.3770381510257721
